detectTime,keypoints,keypointsDist,computeTime,matched
0.0272654,274,"{31:60,37:47,44:41,53:35,64:29,77:23,92:20,111:19}",0.0226719,63
0.00570569,280,"{31:58,37:52,44:43,53:34,64:29,77:25,92:20,111:19}",0.0199509,65
0.00526969,286,"{31:64,37:51,44:42,53:35,64:30,77:25,92:22,111:17}",0.0208081,68
0.0053683,284,"{31:61,37:52,44:42,53:35,64:28,77:26,92:22,111:18}",0.0202802,73
0.00548491,278,"{31:59,37:51,44:40,53:36,64:29,77:24,92:21,111:18}",0.0194728,66
0.00573328,287,"{31:62,37:51,44:43,53:37,64:30,77:26,92:20,111:18}",0.0192784,68
0.00565127,288,"{31:61,37:51,44:42,53:38,64:30,77:26,92:21,111:19}",0.0199396,72
0.0055431,291,"{31:65,37:51,44:43,53:38,64:29,77:25,92:21,111:19}",0.019495,69
0.00601447,286,"{31:61,37:53,44:43,53:35,64:30,77:25,92:21,111:18}",0.0195428,75
0.005391,283,"{31:62,37:51,44:43,53:35,64:29,77:25,92:20,111:18}",0.0199011,0