detectTime,keypoints,keypointsDist,computeTime,matched
0.0251861,274,"{31:60,37:47,44:41,53:35,64:29,77:23,92:20,111:19}",0.00887676,143
0.00517888,280,"{31:58,37:52,44:43,53:34,64:29,77:25,92:20,111:19}",0.00883047,162
0.00555952,286,"{31:64,37:51,44:42,53:35,64:30,77:25,92:22,111:17}",0.0086762,145
0.00579666,284,"{31:61,37:52,44:42,53:35,64:28,77:26,92:22,111:18}",0.00837448,155
0.00592031,278,"{31:59,37:51,44:40,53:36,64:29,77:24,92:21,111:18}",0.00850966,166
0.00509839,287,"{31:62,37:51,44:43,53:37,64:30,77:26,92:20,111:18}",0.00889898,168
0.00582178,288,"{31:61,37:51,44:42,53:38,64:30,77:26,92:21,111:19}",0.00854805,165
0.0055458,291,"{31:65,37:51,44:43,53:38,64:29,77:25,92:21,111:19}",0.00854163,160
0.00544392,286,"{31:61,37:53,44:43,53:35,64:30,77:25,92:21,111:18}",0.00901121,152
0.00524808,283,"{31:62,37:51,44:43,53:35,64:29,77:25,92:20,111:18}",0.00927968,0