detectTime,keypoints,keypointsDist,computeTime,matched
0.0383303,274,"{31:60,37:47,44:41,53:35,64:29,77:23,92:20,111:19}",0.141106,148
0.00552186,280,"{31:58,37:52,44:43,53:34,64:29,77:25,92:20,111:19}",0.122256,159
0.00517967,286,"{31:64,37:51,44:42,53:35,64:30,77:25,92:22,111:17}",0.120739,146
0.005112,284,"{31:61,37:52,44:42,53:35,64:28,77:26,92:22,111:18}",0.123248,138
0.00561738,278,"{31:59,37:51,44:40,53:36,64:29,77:24,92:21,111:18}",0.125423,145
0.00563503,287,"{31:62,37:51,44:43,53:37,64:30,77:26,92:20,111:18}",0.121264,163
0.00555855,288,"{31:61,37:51,44:42,53:38,64:30,77:26,92:21,111:19}",0.12027,167
0.0060441,291,"{31:65,37:51,44:43,53:38,64:29,77:25,92:21,111:19}",0.123694,154
0.0067597,286,"{31:61,37:53,44:43,53:35,64:30,77:25,92:21,111:18}",0.125459,160
0.00576119,283,"{31:62,37:51,44:43,53:35,64:29,77:25,92:20,111:18}",0.125031,0